{
  "name": "satellizer",
  "main": "satellizer.js",
  "homepage": "https://github.com/sahat/satellizer",
  "ignore": [
    ".gitignore",
    ".jshintrc",
    ".travis.yml",
    "bower_components",
    "node_modules",
    "karma.conf.js",
    "package.json",
    "gulpfile.js",
    "examples",
    "coverage",
    "test"
  ],
  "dependencies": {
    "angular": "^1.3.x"
  },
  "version": "0.11.3",
  "_release": "0.11.3",
  "_resolution": {
    "type": "version",
    "tag": "0.11.3",
    "commit": "8b8ca04f6de3278205edfbc763df2d86a3f9254c"
  },
  "_source": "git://github.com/sahat/satellizer.git",
  "_target": "~0.11.3",
  "_originalSource": "satellizer",
  "_direct": true
}