{
  "name": "ion-gallery",
  "description": "Ionic gallery directive",
  "main": "ion-gallery.min.js",
  "keywords": [
    "ionic",
    "gallery",
    "slider"
  ],
  "authors": [
    "Pedro Abreu <pmig.abreu@gmail.com>"
  ],
  "license": "MIT",
  "ignore": [
    "**/.*",
    "node_modules",
    "bower_components",
    "test",
    "tests"
  ],
  "homepage": "https://github.com/pedroabreu/ion-gallery",
  "_release": "1a66c15817",
  "_resolution": {
    "type": "branch",
    "branch": "master",
    "commit": "1a66c15817f1e27954556019cb7237cbe08ab189"
  },
  "_source": "git://github.com/pedroabreu/ion-gallery.git",
  "_target": "*",
  "_originalSource": "ion-gallery",
  "_direct": true
}