{
  "name": "ngmap",
  "version": "1.9.0",
  "main": "./build/scripts/ng-map.js",
  "homepage": "https://github.com/allenhwkim/angularjs-google-maps",
  "authors": [
    "Allen Kim <allenhwkim@gmail.com>"
  ],
  "description": "The Simplest AngularJs Google Maps V3 Directive Module",
  "keywords": [
    "angularjs",
    "angularjs-directive",
    "google-maps"
  ],
  "license": "MIT",
  "_release": "1.9.0",
  "_resolution": {
    "type": "version",
    "tag": "v1.9.0",
    "commit": "6137ab818af2a14ee3d0078e65c43d278301c22e"
  },
  "_source": "git://github.com/allenhwkim/angularjs-google-maps.git",
  "_target": "~1.9.0",
  "_originalSource": "ngmap",
  "_direct": true
}