{
  "name": "angular-mocks",
  "version": "1.4.2",
  "main": "./angular-mocks.js",
  "ignore": [],
  "dependencies": {
    "angular": "1.4.2"
  },
  "homepage": "https://github.com/angular/bower-angular-mocks",
  "_release": "1.4.2",
  "_resolution": {
    "type": "version",
    "tag": "v1.4.2",
    "commit": "a4b143eae60638d53af1b5ea876e355a8f83636d"
  },
  "_source": "git://github.com/angular/bower-angular-mocks.git",
  "_target": "~1.4.2",
  "_originalSource": "angular-mocks",
  "_direct": true
}