{
  "name": "angular-underscore-module",
  "version": "1.0.1",
  "main": "./angular-underscore-module.js",
  "dependencies": {},
  "homepage": "https://github.com/andresesfm/angular-underscore-module",
  "_release": "1.0.1",
  "_resolution": {
    "type": "version",
    "tag": "v1.0.1",
    "commit": "34fc42a60211a9f2a2331dab5f72696d47aa341e"
  },
  "_source": "git://github.com/andresesfm/angular-underscore-module.git",
  "_target": "~1.0.1",
  "_originalSource": "angular-underscore-module",
  "_direct": true
}